date,product,customer,country,revenue
2026-01-03,Laptop Pro,C001,Germany,2539.54
2026-01-06,Laptop Pro,C002,Germany,2473.98
2026-01-06,Laptop Pro,C003,Spain,1969.78
2026-01-06,Tablet A,C004,Germany,734.25
2026-01-07,Laptop Pro,C005,France,2448.19
2026-01-07,Laptop Pro,C006,Germany,3338.34
2026-01-07,Phone X,C007,France,777.74
2026-01-08,Laptop Pro,C008,Germany,2883.3
2026-01-08,Phone X,C009,France,1001.86
2026-01-10,Tablet A,C010,Germany,834.52
2026-01-11,Laptop Pro,C011,Spain,1698.0
2026-01-12,Tablet A,C012,Germany,729.78
2026-01-12,Laptop Pro,C013,Spain,1640.55
2026-01-13,Laptop Pro,C014,Germany,3579.07
2026-01-13,Phone X,C015,France,926.71
2026-01-14,Laptop Pro,C016,France,2190.8
2026-01-14,Tablet A,C017,France,560.55
2026-01-16,Tablet A,C018,Spain,338.75
2026-01-17,Phone X,C019,France,1194.76
2026-01-19,Laptop Pro,C020,Germany,3515.18
2026-01-19,Phone X,C021,France,833.87
2026-01-20,Tablet A,C022,Spain,355.52
2026-01-21,Phone X,C023,Spain,743.54
2026-01-21,Phone X,C024,Germany,1070.31
2026-01-21,Tablet A,C025,Spain,343.06
2026-01-22,Tablet A,C026,France,458.6
2026-01-22,Laptop Pro,C027,Spain,1874.29
2026-01-22,Laptop Pro,C028,Germany,2558.56
2026-01-23,Tablet A,C029,France,528.92
2026-01-24,Phone X,C030,Spain,958.45
2026-01-25,Tablet A,C031,Germany,720.31
2026-01-27,Tablet A,C032,France,383.47
2026-01-27,Phone X,C033,Germany,1204.92
2026-01-28,Tablet A,C034,Germany,653.0
2026-01-28,Laptop Pro,C035,Spain,1702.63
2026-01-29,Laptop Pro,C036,France,2638.76
2026-01-31,Phone X,C037,Germany,982.71
2026-02-01,Phone X,C038,Germany,947.65
2026-02-04,Laptop Pro,C039,Spain,2113.93
2026-02-04,Laptop Pro,C040,Spain,1858.25
2026-02-04,Tablet A,C041,Germany,558.37
2026-02-05,Laptop Pro,C042,Spain,2104.63
2026-02-05,Tablet A,C043,Germany,733.05
2026-02-05,Phone X,C044,Spain,819.95
2026-02-06,Tablet A,C045,France,386.3
2026-02-06,Laptop Pro,C046,Germany,2823.46
2026-02-06,Tablet A,C047,Spain,335.23
2026-02-11,Laptop Pro,C048,Germany,3569.28
2026-02-13,Phone X,C049,Spain,754.17
2026-02-15,Laptop Pro,C050,France,2688.25
2026-02-16,Laptop Pro,C051,Germany,3282.35
2026-02-17,Phone X,C052,France,933.51
2026-02-17,Tablet A,C053,Germany,717.61
2026-02-20,Tablet A,C054,France,590.18
2026-02-20,Laptop Pro,C055,Germany,2613.97
2026-02-20,Tablet A,C056,France,392.05
2026-02-22,Phone X,C057,Germany,1478.42
2026-02-24,Tablet A,C058,Germany,474.73
2026-02-24,Tablet A,C059,Germany,832.91
2026-02-24,Laptop Pro,C060,Germany,2921.17
2026-02-25,Laptop Pro,C061,France,2792.69
2026-02-25,Laptop Pro,C062,France,1802.37
2026-02-25,Phone X,C063,France,1163.26
2026-02-26,Phone X,C064,France,1048.3
2026-02-26,Tablet A,C065,Spain,438.85
2026-02-26,Phone X,C066,Germany,1033.43
2026-02-27,Laptop Pro,C067,Spain,2087.45
2026-03-01,Laptop Pro,C068,Germany,1746.46
2026-03-02,Laptop Pro,C069,Spain,1510.5
2026-03-03,Laptop Pro,C070,Spain,1499.81
2026-03-04,Phone X,C071,Germany,1522.04
2026-03-05,Tablet A,C072,Spain,289.54
2026-03-07,Tablet A,C073,Spain,415.65
2026-03-08,Phone X,C074,Germany,1345.32
2026-03-09,Laptop Pro,C075,France,2235.36
2026-03-09,Tablet A,C076,Spain,352.0
2026-03-10,Laptop Pro,C077,Germany,1647.44
2026-03-10,Tablet A,C078,Germany,483.57
2026-03-11,Tablet A,C079,France,389.74
2026-03-12,Laptop Pro,C080,Germany,1577.63
2026-03-12,Laptop Pro,C001,France,2717.12
2026-03-13,Tablet A,C002,Spain,406.95
2026-03-13,Tablet A,C003,Spain,351.85
2026-03-16,Laptop Pro,C004,Germany,1870.91
2026-03-16,Laptop Pro,C005,France,2109.93
2026-03-17,Tablet A,C006,France,411.08
2026-03-18,Tablet A,C007,France,425.34
2026-03-18,Laptop Pro,C008,Germany,1785.86
2026-03-19,Laptop Pro,C009,Germany,1549.34
2026-03-19,Laptop Pro,C010,Spain,2302.22
2026-03-20,Tablet A,C011,France,515.5
2026-03-21,Tablet A,C012,Germany,498.63
2026-03-24,Tablet A,C013,Spain,315.54
2026-03-24,Laptop Pro,C014,Germany,1529.45
2026-03-26,Laptop Pro,C015,Spain,1659.59
2026-03-26,Laptop Pro,C016,France,2658.13
2026-03-27,Tablet A,C017,Spain,317.09
2026-03-27,Laptop Pro,C018,Germany,2054.79
2026-03-27,Laptop Pro,C019,France,1827.26
2026-03-28,Phone X,C020,Spain,905.63
2026-03-30,Laptop Pro,C021,Spain,1535.12
2026-03-30,Laptop Pro,C022,France,2044.68
2026-03-31,Phone X,C023,France,1110.27
2026-03-31,Laptop Pro,C024,Germany,1305.61
2026-03-31,Laptop Pro,C025,France,2161.09
2026-04-02,Phone X,C026,Spain,763.76
2026-04-02,Tablet A,C027,Spain,359.48
2026-04-05,Laptop Pro,C028,Spain,2287.03
2026-04-06,Laptop Pro,C029,Germany,1756.2
2026-04-06,Phone X,C030,Spain,874.57
2026-04-07,Tablet A,C031,Spain,307.75
2026-04-07,Tablet A,C032,Germany,554.34
2026-04-07,Tablet A,C033,France,350.51
2026-04-08,Phone X,C034,France,734.99
2026-04-09,Tablet A,C035,France,549.02
2026-04-09,Laptop Pro,C036,Spain,2232.04
2026-04-10,Tablet A,C037,France,447.85
2026-04-10,Tablet A,C038,France,516.32
2026-04-12,Tablet A,C039,France,553.2
2026-04-13,Tablet A,C040,Spain,352.23
2026-04-15,Phone X,C041,Germany,1189.43
2026-04-15,Tablet A,C042,Spain,437.13
2026-04-16,Phone X,C043,France,1037.81
2026-04-16,Tablet A,C044,France,588.12
2026-04-16,Tablet A,C045,Germany,711.95
2026-04-17,Tablet A,C046,Spain,431.91
2026-04-17,Phone X,C047,Germany,1441.98
2026-04-19,Laptop Pro,C048,Germany,1402.89
2026-04-21,Phone X,C049,Spain,899.9
2026-04-23,Phone X,C050,Spain,790.27
2026-04-23,Tablet A,C051,Spain,372.15
2026-04-23,Phone X,C052,Germany,1005.92
2026-04-26,Laptop Pro,C053,Germany,1919.43
2026-04-27,Laptop Pro,C054,Spain,1659.29
2026-04-27,Laptop Pro,C055,France,1946.67
2026-04-27,Phone X,C056,Spain,772.45
2026-04-28,Phone X,C057,Spain,886.0
2026-04-28,Tablet A,C058,France,599.17
2026-04-29,Laptop Pro,C059,Spain,2198.12
2026-04-29,Phone X,C060,France,1075.89
2026-04-29,Tablet A,C061,France,579.74
2026-04-30,Tablet A,C062,Germany,562.09
2026-04-30,Laptop Pro,C063,Spain,1691.44
2026-04-30,Phone X,C064,France,859.85
2026-05-04,Phone X,C065,Spain,621.12
2026-05-05,Laptop Pro,C066,France,2248.36
2026-05-06,Phone X,C067,Germany,1044.44
2026-05-06,Phone X,C068,France,1152.42
2026-05-06,Tablet A,C069,Spain,284.69
2026-05-07,Phone X,C070,Germany,1522.78
2026-05-07,Phone X,C071,France,1126.72
2026-05-07,Phone X,C072,Spain,859.01
2026-05-08,Phone X,C073,Germany,1087.41
2026-05-09,Laptop Pro,C074,France,2169.74
2026-05-10,Tablet A,C075,Germany,782.8
2026-05-11,Tablet A,C076,Spain,286.47
2026-05-12,Tablet A,C077,Spain,439.12
2026-05-12,Laptop Pro,C078,Spain,1817.18
2026-05-12,Phone X,C079,Germany,942.69
2026-05-13,Phone X,C080,Germany,1205.55
2026-05-13,Phone X,C001,France,839.13
2026-05-13,Phone X,C002,France,1117.46
2026-05-14,Laptop Pro,C003,Spain,1914.69
2026-05-14,Phone X,C004,Germany,1332.59
2026-05-14,Tablet A,C005,Germany,749.15
2026-05-15,Laptop Pro,C006,Germany,1775.68
2026-05-18,Tablet A,C007,Germany,674.95
2026-05-18,Laptop Pro,C008,France,2569.41
2026-05-18,Phone X,C009,Germany,1303.83
2026-05-20,Phone X,C010,Germany,1286.15
2026-05-21,Tablet A,C011,Spain,497.93
2026-05-21,Phone X,C012,France,1170.74
2026-05-22,Laptop Pro,C013,Spain,2047.74
2026-05-25,Tablet A,C014,Spain,473.33
2026-05-25,Tablet A,C015,Germany,590.41
2026-05-26,Tablet A,C016,France,370.69
2026-05-26,Tablet A,C017,France,353.8
2026-05-26,Phone X,C018,France,752.77
2026-05-27,Tablet A,C019,France,562.19
2026-05-27,Phone X,C020,Germany,1386.97
2026-05-28,Tablet A,C021,Spain,465.91
2026-05-28,Phone X,C022,France,1112.87
2026-05-29,Phone X,C023,Germany,1449.98
2026-05-29,Laptop Pro,C024,France,2769.79
2026-05-31,Tablet A,C025,Spain,440.37
2026-06-01,Laptop Pro,C026,France,2736.05
2026-06-01,Laptop Pro,C027,France,2033.33
2026-06-02,Phone X,C028,France,1140.16
2026-06-02,Tablet A,C029,France,516.74
2026-06-03,Laptop Pro,C030,Germany,1853.34
2026-06-04,Tablet A,C031,Germany,724.34
2026-06-04,Tablet A,C032,Spain,397.8
2026-06-04,Laptop Pro,C033,Germany,1518.42
2026-06-05,Tablet A,C034,Germany,574.42
2026-06-05,Tablet A,C035,France,491.98
2026-06-05,Tablet A,C036,France,477.65
2026-06-06,Phone X,C037,Spain,741.5
2026-06-07,Phone X,C038,Germany,988.43
2026-06-08,Phone X,C039,Germany,1392.87
2026-06-09,Laptop Pro,C040,Germany,1867.91
2026-06-10,Tablet A,C041,Spain,514.39
2026-06-10,Tablet A,C042,Spain,347.92
2026-06-12,Phone X,C043,Germany,1144.57
2026-06-13,Laptop Pro,C044,Spain,1910.04
2026-06-14,Laptop Pro,C045,Germany,1722.22
2026-06-15,Tablet A,C046,France,380.78
2026-06-17,Phone X,C047,France,920.23
2026-06-17,Laptop Pro,C048,Germany,1485.57
2026-06-18,Laptop Pro,C049,Germany,1602.16
2026-06-18,Laptop Pro,C050,Spain,1993.91
2026-06-18,Laptop Pro,C051,Germany,1404.34
2026-06-19,Laptop Pro,C052,Germany,1380.16
2026-06-19,Phone X,C053,Spain,798.45
2026-06-21,Phone X,C054,France,848.68
2026-06-22,Phone X,C055,Spain,808.41
2026-06-22,Tablet A,C056,Spain,303.82
2026-06-22,Laptop Pro,C057,Spain,1625.7
2026-06-24,Laptop Pro,C058,Germany,1721.14
2026-06-25,Laptop Pro,C059,France,2295.55
2026-06-26,Phone X,C060,Germany,1060.46
2026-06-26,Tablet A,C061,France,560.9
2026-06-26,Phone X,C062,Germany,1356.8
2026-06-27,Tablet A,C063,Spain,438.68
2026-06-29,Laptop Pro,C064,Spain,1637.83
2026-06-29,Laptop Pro,C065,France,2709.29
2026-06-29,Laptop Pro,C066,Germany,1417.5
2026-06-30,Tablet A,C067,Spain,477.82
2026-06-30,Phone X,C068,France,762.18
